"Message",Low,"Запуск компиляции .NET Native"
"Message",Low,""
"Message",Low,""
"Message",Low,"Задача ""Gatekeeper"""
"Message",Normal,"Launching 'C:\Program Files (x86)\Microsoft SDKs\UWPNuGetPackages\microsoft.net.native.compiler\1.7.6\tools\x86\ilc\Tools\Gatekeeper.exe @""E:\Stud\Project\UWP\UWP1\obj\x86\Release\ilc\intermediate\gkargs.rsp""'"
"Message",Low,"�ਢ�⭨� Microsoft (R) .NET Native ���ᨨ 1.7.27420.00 "
"Message",Low,"Copyright (C) Microsoft Corporation.  All rights reserved. "
"Message",Low," "
"Message",Low,"���� �஢�ઠ ᡮન ""E:\Stud\Project\UWP\UWP1\obj\x86\Release\ilc\in\Microsoft.AspNetCore.Hosting.Abstractions.dll"". "
"Message",Low,"���� �஢�ઠ ᡮન ""E:\Stud\Project\UWP\UWP1\obj\x86\Release\ilc\in\Microsoft.AspNetCore.Hosting.Server.Abstractions.dll"". "
"Message",Low,"���� �஢�ઠ ᡮન ""E:\Stud\Project\UWP\UWP1\obj\x86\Release\ilc\in\Microsoft.AspNetCore.Http.Abstractions.dll"". "
"Message",Low,"���� �஢�ઠ ᡮન ""E:\Stud\Project\UWP\UWP1\obj\x86\Release\ilc\in\Microsoft.AspNetCore.Http.Features.dll"". "
"Message",Low,"���� �஢�ઠ ᡮન ""E:\Stud\Project\UWP\UWP1\obj\x86\Release\ilc\in\Microsoft.Data.Sqlite.dll"". "
"Message",Low,"���� �஢�ઠ ᡮન ""E:\Stud\Project\UWP\UWP1\obj\x86\Release\ilc\in\Microsoft.EntityFrameworkCore.Design.dll"". "
"Message",Low,"���� �஢�ઠ ᡮન ""E:\Stud\Project\UWP\UWP1\obj\x86\Release\ilc\in\Microsoft.EntityFrameworkCore.dll"". "
"Message",Low,"���� �஢�ઠ ᡮન ""E:\Stud\Project\UWP\UWP1\obj\x86\Release\ilc\in\Microsoft.EntityFrameworkCore.Relational.Design.dll"". "
"Message",Low,"���� �஢�ઠ ᡮન ""E:\Stud\Project\UWP\UWP1\obj\x86\Release\ilc\in\Microsoft.EntityFrameworkCore.Relational.dll"". "
"Message",Low,"���� �஢�ઠ ᡮન ""E:\Stud\Project\UWP\UWP1\obj\x86\Release\ilc\in\Microsoft.EntityFrameworkCore.Sqlite.dll"". "
"Message",Low,"���� �஢�ઠ ᡮન ""E:\Stud\Project\UWP\UWP1\obj\x86\Release\ilc\in\Microsoft.Extensions.Caching.Abstractions.dll"". "
"Message",Low,"���� �஢�ઠ ᡮન ""E:\Stud\Project\UWP\UWP1\obj\x86\Release\ilc\in\Microsoft.Extensions.Caching.Memory.dll"". "
"Message",Low,"���� �஢�ઠ ᡮન ""E:\Stud\Project\UWP\UWP1\obj\x86\Release\ilc\in\Microsoft.Extensions.Configuration.Abstractions.dll"". "
"Message",Low,"���� �஢�ઠ ᡮન ""E:\Stud\Project\UWP\UWP1\obj\x86\Release\ilc\in\Microsoft.Extensions.DependencyInjection.Abstractions.dll"". "
"Message",Low,"���� �஢�ઠ ᡮન ""E:\Stud\Project\UWP\UWP1\obj\x86\Release\ilc\in\Microsoft.Extensions.DependencyInjection.dll"". "
"Message",Low,"���� �஢�ઠ ᡮન ""E:\Stud\Project\UWP\UWP1\obj\x86\Release\ilc\in\Microsoft.Extensions.FileProviders.Abstractions.dll"". "
"Message",Low,"���� �஢�ઠ ᡮન ""E:\Stud\Project\UWP\UWP1\obj\x86\Release\ilc\in\Microsoft.Extensions.Logging.Abstractions.dll"". "
"Message",Low,"���� �஢�ઠ ᡮન ""E:\Stud\Project\UWP\UWP1\obj\x86\Release\ilc\in\Microsoft.Extensions.Logging.dll"". "
"Message",Low,"���� �஢�ઠ ᡮન ""E:\Stud\Project\UWP\UWP1\obj\x86\Release\ilc\in\Microsoft.Extensions.Options.dll"". "
"Message",Low,"���� �஢�ઠ ᡮન ""E:\Stud\Project\UWP\UWP1\obj\x86\Release\ilc\in\Microsoft.Extensions.Primitives.dll"". "
"Message",Low,"���� �஢�ઠ ᡮન ""E:\Stud\Project\UWP\UWP1\obj\x86\Release\ilc\in\Remotion.Linq.dll"". "
"Message",Low,"���� �஢�ઠ ᡮન ""E:\Stud\Project\UWP\UWP1\obj\x86\Release\ilc\in\System.Interactive.Async.dll"". "
"Message",Low,"���� �஢�ઠ ᡮન ""E:\Stud\Project\UWP\UWP1\obj\x86\Release\ilc\in\UWP1.exe"". "
"Message",Normal,"'C:\Program Files (x86)\Microsoft SDKs\UWPNuGetPackages\microsoft.net.native.compiler\1.7.6\tools\x86\ilc\Tools\Gatekeeper.exe @""E:\Stud\Project\UWP\UWP1\obj\x86\Release\ilc\intermediate\gkargs.rsp""' completed."
"Message",Normal,"Process execution statistics (all times in milliseconds)"
"Message",Normal,"-----------------------------------------------------------------------------"
"Message",Normal,"launch  |  start   |   stop   |   end    | duration | lifetime | [slot] name"
"Message",Normal,"-----------------------------------------------------------------------------"
"Message",Normal,"       0 |       78 |      562 |      562 |      484 |      562 | [0] Gatekeeper"
"Message",Normal,"Number of commands:      1"
"Message",Normal,"Total system time:       562 ms"
"Message",Normal,"System time per command: 562 ms"
"Message",Normal,"Total duration:          484 ms"
"Message",Normal,"Total lifetime:          562 ms"
"Message",Normal,"Requested DOP:           4"
"Message",Normal,"Duration DOP:            0,9"
"Message",Normal,"Lifetime DOP:            1,0"
"Message",Low,"Выполнение задачи ""Gatekeeper"" завершено."
"Message",Low,"Сборка целевого объекта ""RunGatekeeper"" в файле ""Preparation"" завершена."
"Message",Low,""
"Message",Low,"Задача ""InjectWindowsRuntimeTypeForwards"""
"Message",Normal,"Running 'InjectWindowsRuntimeTypeForwards' transform, heap at 10 MB."
"Message",Normal,"Running 'WriteAssemblies' transform, heap at 14 MB."
"Message",Normal,""
"Message",Normal,"Transform summary"
"Message",Normal,"    ms | heap delta | name"
"Message",Normal,"   347 |          4 | InjectWindowsRuntimeTypeForwards"
"Message",Normal,"   263 |          2 | WriteAssemblies"
"Message",Low,"Выполнение задачи ""InjectWindowsRuntimeTypeForwards"" завершено."
"Message",Low,"Сборка целевого объекта ""InjectWindowRuntimeTypeForwards"" в файле ""Preparation"" завершена."
"Message",Low,""
"Message",Low,"Задача ""PreResolveAssemblyClosure"""
"Message",Low,"Выполнение задачи ""PreResolveAssemblyClosure"" завершено."
"Message",Low,"Сборка целевого объекта ""PreResolveTransforms"" в файле ""Preparation"" завершена."
"Message",Low,""
"Message",Low,"Задача ""InitialAssemblyClosure"""
"Message",Low,"Выполнение задачи ""InitialAssemblyClosure"" завершено."
"Message",Low,"Задача ""ResolveInitialReferencesAssemblyClosure1"""
"Message",Low,"Выполнение задачи ""ResolveInitialReferencesAssemblyClosure1"" завершено."
"Message",Low,"Задача ""ResolveInitialReferencesAssemblyClosure2"""
"Message",Low,"Выполнение задачи ""ResolveInitialReferencesAssemblyClosure2"" завершено."
"Message",Low,"Сборка целевого объекта ""ResolveInitialReferences"" в файле ""Preparation"" завершена."
"Message",Low,"Сборка проекта ""Preparation"" завершена."
"Message",Low,""
"Message",Low,""
"Message",High,"Обработка кода приложения"
"Message",Low,"Задача ""ValidateSimpleNames"""
"Message",Low,"Выполнение задачи ""ValidateSimpleNames"" завершено."
"Message",Low,"Задача ""McgContractsResolveFilePath"""
"Message",Low,"Выполнение задачи ""McgContractsResolveFilePath"" завершено."
"Message",Low,"Задача ""McgFacadeResolveFilePath"""
"Message",Low,"Выполнение задачи ""McgFacadeResolveFilePath"" завершено."
"Message",Low,"Задача ""FinalAssemblyClosureRootsResolveFilePaths"""
"Message",Low,"Выполнение задачи ""FinalAssemblyClosureRootsResolveFilePaths"" завершено."
"Message",Low,"Задача ""FinalAssemblyClosure"""
"Message",Low,"Выполнение задачи ""FinalAssemblyClosure"" завершено."
"Message",Low,"Задача ""RunILTransforms"""
"Message",Normal,"Running 'Analysis' transform, heap at 25 MB."
"Message",Low,"Loading 109 modules..."
"Message",Normal,"Imported reflection directives from 16 files:"
"Message",Normal,"E:\Stud\Project\UWP\UWP1\obj\x86\Release\ilc\in\Properties\Default.rd.xml"
"Message",Normal,"Встроенный манифест System.Diagnostics.Tracing: Resources.System.Diagnostics.Tracing.rd.xml"
"Message",Normal,"Встроенный манифест System.Private.Reflection: System.Private.Reflection.rd.xml"
"Message",Normal,"Встроенный манифест System.Private.CoreLib: Resources.System.Private.CoreLib.rd.xml"
"Message",Normal,"Встроенный манифест System.Private.Uri: Resources.System.Private.Uri.rd.xml"
"Message",Normal,"Встроенный манифест System.Private.Reflection.Core: System.Private.Reflection.Core.rd.xml"
"Message",Normal,"Встроенный манифест System.Linq.Expressions: Resources.System.Linq.Expressions.rd.xml"
"Message",Normal,"Встроенный манифест System.Data.Common: Resources.System.Data.Common.rd.xml"
"Message",Normal,"Встроенный манифест System.Dynamic.Runtime: Resources.System.Dynamic.Runtime.rd.xml"
"Message",Normal,"Встроенный манифест Microsoft.CSharp: Microsoft.CSharp.Resources.Microsoft.CSharp.rd.xml"
"Message",Normal,"Встроенный манифест System.Private.Interop: Resources.System.Private.Interop.rd.xml"
"Message",Normal,"Встроенный манифест Microsoft.Data.Sqlite: Microsoft.Data.Sqlite.Properties.Microsoft.Data.Sqlite.rd.xml"
"Message",Normal,"Встроенный манифест Microsoft.EntityFrameworkCore: Microsoft.EntityFrameworkCore.Properties.Microsoft.EntityFrameworkCore.rd.xml"
"Message",Normal,"Встроенный манифест Microsoft.EntityFrameworkCore.Relational: Microsoft.EntityFrameworkCore.Relational.Properties.Microsoft.EntityFrameworkCore.Relational.rd.xml"
"Message",Normal,"Встроенный манифест Microsoft.EntityFrameworkCore.Sqlite: Microsoft.EntityFrameworkCore.Sqlite.Properties.Microsoft.EntityFrameworkCore.Sqlite.rd.xml"
"Message",Normal,"Встроенный манифест System.Interactive.Async: System.Interactive.Async.Properties.System.Interactive.Async.rd.xml"
"Message",Normal,"Imported XAML Roots from 1 files:"
"Message",Normal,"E:\Stud\Project\UWP\UWP1\obj\x86\Release\ilc\in\UWP1.xr.xml"
"Message",Normal,"Running 'Mcg' transform, heap at 289 MB."
"Message",High,"Computing application closure and generating interop code"
"Message",Normal,"  Список LIB-файлов:"
"Message",Normal,"      WindowsApp.lib"
"Message",Normal,"      winsqlite3.lib"
"Message",Normal,"  Список путей поиска LIB-файлов:"
"Message",Normal,"      C:\Program Files (x86)\Windows Kits\10\lib\10.0.19041.0\um\x86"
"Message",Normal,"  Идет загрузка экспортированных данных из LIB-файлов..."
"Message",Normal,"      4801 экспортирует операции чтения из ""C:\Program Files (x86)\Windows Kits\10\lib\10.0.19041.0\um\x86\WindowsApp.lib""."
"Message",Normal,"      268 экспортирует операции чтения из ""C:\Program Files (x86)\Windows Kits\10\lib\10.0.19041.0\um\x86\winsqlite3.lib""."
"Message",High,"  Идет загрузка модулей (109)..."
"Message",Normal,"          P/Invoke 'sqlite3_bind_blob' resolved to 'sqlite3!sqlite3_bind_blob' from 'sqlite3'."
"Message",Normal,"          P/Invoke 'sqlite3_bind_double' resolved to 'sqlite3!sqlite3_bind_double' from 'sqlite3'."
"Message",Normal,"          P/Invoke 'sqlite3_bind_int64' resolved to 'sqlite3!sqlite3_bind_int64' from 'sqlite3'."
"Message",Normal,"          P/Invoke 'sqlite3_bind_null' resolved to 'sqlite3!sqlite3_bind_null' from 'sqlite3'."
"Message",Normal,"          P/Invoke 'sqlite3_bind_parameter_count' resolved to 'sqlite3!sqlite3_bind_parameter_count' from 'sqlite3'."
"Message",Normal,"          P/Invoke 'sqlite3_bind_parameter_index' resolved to 'sqlite3!sqlite3_bind_parameter_index' from 'sqlite3'."
"Message",Normal,"          P/Invoke 'sqlite3_bind_parameter_name' resolved to 'sqlite3!sqlite3_bind_parameter_name' from 'sqlite3'."
"Message",Normal,"          P/Invoke 'sqlite3_bind_text' resolved to 'sqlite3!sqlite3_bind_text' from 'sqlite3'."
"Message",Normal,"          P/Invoke 'sqlite3_busy_timeout' resolved to 'sqlite3!sqlite3_busy_timeout' from 'sqlite3'."
"Message",Normal,"          P/Invoke 'sqlite3_changes' resolved to 'sqlite3!sqlite3_changes' from 'sqlite3'."
"Message",Normal,"          P/Invoke 'sqlite3_close' resolved to 'sqlite3!sqlite3_close' from 'sqlite3'."
"Message",Normal,"          P/Invoke 'sqlite3_close_v2' resolved to 'sqlite3!sqlite3_close_v2' from 'sqlite3'."
"Message",Normal,"          P/Invoke 'sqlite3_column_blob' resolved to 'sqlite3!sqlite3_column_blob' from 'sqlite3'."
"Message",Normal,"          P/Invoke 'sqlite3_column_bytes' resolved to 'sqlite3!sqlite3_column_bytes' from 'sqlite3'."
"Message",Normal,"          P/Invoke 'sqlite3_column_count' resolved to 'sqlite3!sqlite3_column_count' from 'sqlite3'."
"Message",Normal,"          P/Invoke 'sqlite3_column_decltype' resolved to 'sqlite3!sqlite3_column_decltype' from 'sqlite3'."
"Message",Normal,"          P/Invoke 'sqlite3_column_double' resolved to 'sqlite3!sqlite3_column_double' from 'sqlite3'."
"Message",Normal,"          P/Invoke 'sqlite3_column_int64' resolved to 'sqlite3!sqlite3_column_int64' from 'sqlite3'."
"Message",Normal,"          P/Invoke 'sqlite3_column_name' resolved to 'sqlite3!sqlite3_column_name' from 'sqlite3'."
"Message",Normal,"          P/Invoke 'sqlite3_column_text' resolved to 'sqlite3!sqlite3_column_text' from 'sqlite3'."
"Message",Normal,"          P/Invoke 'sqlite3_column_type' resolved to 'sqlite3!sqlite3_column_type' from 'sqlite3'."
"Message",Normal,"          P/Invoke 'sqlite3_db_filename' resolved to 'sqlite3!sqlite3_db_filename' from 'sqlite3'."
"Message",Normal,"          P/Invoke 'sqlite3_enable_load_extension' resolved to 'sqlite3!sqlite3_enable_load_extension' from 'sqlite3'."
"Message",Normal,"          P/Invoke 'sqlite3_errmsg' resolved to 'sqlite3!sqlite3_errmsg' from 'sqlite3'."
"Message",Normal,"          P/Invoke 'sqlite3_errstr' resolved to 'sqlite3!sqlite3_errstr' from 'sqlite3'."
"Message",Normal,"          P/Invoke 'sqlite3_finalize' resolved to 'sqlite3!sqlite3_finalize' from 'sqlite3'."
"Message",Normal,"          P/Invoke 'sqlite3_libversion' resolved to 'sqlite3!sqlite3_libversion' from 'sqlite3'."
"Message",Normal,"          P/Invoke 'sqlite3_open_v2' resolved to 'sqlite3!sqlite3_open_v2' from 'sqlite3'."
"Message",Normal,"          P/Invoke 'sqlite3_prepare_v2' resolved to 'sqlite3!sqlite3_prepare_v2' from 'sqlite3'."
"Message",Normal,"          P/Invoke 'sqlite3_reset' resolved to 'sqlite3!sqlite3_reset' from 'sqlite3'."
"Message",Normal,"          P/Invoke 'sqlite3_step' resolved to 'sqlite3!sqlite3_step' from 'sqlite3'."
"Message",Normal,"          P/Invoke 'sqlite3_stmt_readonly' resolved to 'sqlite3!sqlite3_stmt_readonly' from 'sqlite3'."
"Message",Normal,"          P/Invoke 'sqlite3_bind_blob' resolved to 'winsqlite3.dll!sqlite3_bind_blob' from 'C:\Program Files (x86)\Windows Kits\10\lib\10.0.19041.0\um\x86\winsqlite3.lib'."
"Message",Normal,"          P/Invoke 'sqlite3_bind_double' resolved to 'winsqlite3.dll!sqlite3_bind_double' from 'C:\Program Files (x86)\Windows Kits\10\lib\10.0.19041.0\um\x86\winsqlite3.lib'."
"Message",Normal,"          P/Invoke 'sqlite3_bind_int64' resolved to 'winsqlite3.dll!sqlite3_bind_int64' from 'C:\Program Files (x86)\Windows Kits\10\lib\10.0.19041.0\um\x86\winsqlite3.lib'."
"Message",Normal,"          P/Invoke 'sqlite3_bind_null' resolved to 'winsqlite3.dll!sqlite3_bind_null' from 'C:\Program Files (x86)\Windows Kits\10\lib\10.0.19041.0\um\x86\winsqlite3.lib'."
"Message",Normal,"          P/Invoke 'sqlite3_bind_parameter_count' resolved to 'winsqlite3.dll!sqlite3_bind_parameter_count' from 'C:\Program Files (x86)\Windows Kits\10\lib\10.0.19041.0\um\x86\winsqlite3.lib'."
"Message",Normal,"          P/Invoke 'sqlite3_bind_parameter_index' resolved to 'winsqlite3.dll!sqlite3_bind_parameter_index' from 'C:\Program Files (x86)\Windows Kits\10\lib\10.0.19041.0\um\x86\winsqlite3.lib'."
"Message",Normal,"          P/Invoke 'sqlite3_bind_parameter_name' resolved to 'winsqlite3.dll!sqlite3_bind_parameter_name' from 'C:\Program Files (x86)\Windows Kits\10\lib\10.0.19041.0\um\x86\winsqlite3.lib'."
"Message",Normal,"          P/Invoke 'sqlite3_bind_text' resolved to 'winsqlite3.dll!sqlite3_bind_text' from 'C:\Program Files (x86)\Windows Kits\10\lib\10.0.19041.0\um\x86\winsqlite3.lib'."
"Message",Normal,"          P/Invoke 'sqlite3_busy_timeout' resolved to 'winsqlite3.dll!sqlite3_busy_timeout' from 'C:\Program Files (x86)\Windows Kits\10\lib\10.0.19041.0\um\x86\winsqlite3.lib'."
"Message",Normal,"          P/Invoke 'sqlite3_changes' resolved to 'winsqlite3.dll!sqlite3_changes' from 'C:\Program Files (x86)\Windows Kits\10\lib\10.0.19041.0\um\x86\winsqlite3.lib'."
"Message",Normal,"          P/Invoke 'sqlite3_close' resolved to 'winsqlite3.dll!sqlite3_close' from 'C:\Program Files (x86)\Windows Kits\10\lib\10.0.19041.0\um\x86\winsqlite3.lib'."
"Message",Normal,"          P/Invoke 'sqlite3_close_v2' resolved to 'winsqlite3.dll!sqlite3_close_v2' from 'C:\Program Files (x86)\Windows Kits\10\lib\10.0.19041.0\um\x86\winsqlite3.lib'."
"Message",Normal,"          P/Invoke 'sqlite3_column_blob' resolved to 'winsqlite3.dll!sqlite3_column_blob' from 'C:\Program Files (x86)\Windows Kits\10\lib\10.0.19041.0\um\x86\winsqlite3.lib'."
"Message",Normal,"          P/Invoke 'sqlite3_column_bytes' resolved to 'winsqlite3.dll!sqlite3_column_bytes' from 'C:\Program Files (x86)\Windows Kits\10\lib\10.0.19041.0\um\x86\winsqlite3.lib'."
"Message",Normal,"          P/Invoke 'sqlite3_column_count' resolved to 'winsqlite3.dll!sqlite3_column_count' from 'C:\Program Files (x86)\Windows Kits\10\lib\10.0.19041.0\um\x86\winsqlite3.lib'."
"Message",Normal,"          P/Invoke 'sqlite3_column_decltype' resolved to 'winsqlite3.dll!sqlite3_column_decltype' from 'C:\Program Files (x86)\Windows Kits\10\lib\10.0.19041.0\um\x86\winsqlite3.lib'."
"Message",Normal,"          P/Invoke 'sqlite3_column_double' resolved to 'winsqlite3.dll!sqlite3_column_double' from 'C:\Program Files (x86)\Windows Kits\10\lib\10.0.19041.0\um\x86\winsqlite3.lib'."
"Message",Normal,"          P/Invoke 'sqlite3_column_int64' resolved to 'winsqlite3.dll!sqlite3_column_int64' from 'C:\Program Files (x86)\Windows Kits\10\lib\10.0.19041.0\um\x86\winsqlite3.lib'."
"Message",Normal,"          P/Invoke 'sqlite3_column_name' resolved to 'winsqlite3.dll!sqlite3_column_name' from 'C:\Program Files (x86)\Windows Kits\10\lib\10.0.19041.0\um\x86\winsqlite3.lib'."
"Message",Normal,"          P/Invoke 'sqlite3_column_text' resolved to 'winsqlite3.dll!sqlite3_column_text' from 'C:\Program Files (x86)\Windows Kits\10\lib\10.0.19041.0\um\x86\winsqlite3.lib'."
"Message",Normal,"          P/Invoke 'sqlite3_column_type' resolved to 'winsqlite3.dll!sqlite3_column_type' from 'C:\Program Files (x86)\Windows Kits\10\lib\10.0.19041.0\um\x86\winsqlite3.lib'."
"Message",Normal,"          P/Invoke 'sqlite3_db_filename' resolved to 'winsqlite3.dll!sqlite3_db_filename' from 'C:\Program Files (x86)\Windows Kits\10\lib\10.0.19041.0\um\x86\winsqlite3.lib'."
"Message",Normal,"          P/Invoke 'sqlite3_enable_load_extension' resolved to 'winsqlite3.dll!sqlite3_enable_load_extension' from 'C:\Program Files (x86)\Windows Kits\10\lib\10.0.19041.0\um\x86\winsqlite3.lib'."
"Message",Normal,"          P/Invoke 'sqlite3_errmsg' resolved to 'winsqlite3.dll!sqlite3_errmsg' from 'C:\Program Files (x86)\Windows Kits\10\lib\10.0.19041.0\um\x86\winsqlite3.lib'."
"Message",Normal,"          P/Invoke 'sqlite3_errstr' resolved to 'winsqlite3.dll!sqlite3_errstr' from 'C:\Program Files (x86)\Windows Kits\10\lib\10.0.19041.0\um\x86\winsqlite3.lib'."
"Message",Normal,"          P/Invoke 'sqlite3_finalize' resolved to 'winsqlite3.dll!sqlite3_finalize' from 'C:\Program Files (x86)\Windows Kits\10\lib\10.0.19041.0\um\x86\winsqlite3.lib'."
"Message",Normal,"          P/Invoke 'sqlite3_libversion' resolved to 'winsqlite3.dll!sqlite3_libversion' from 'C:\Program Files (x86)\Windows Kits\10\lib\10.0.19041.0\um\x86\winsqlite3.lib'."
"Message",Normal,"          P/Invoke 'sqlite3_open_v2' resolved to 'winsqlite3.dll!sqlite3_open_v2' from 'C:\Program Files (x86)\Windows Kits\10\lib\10.0.19041.0\um\x86\winsqlite3.lib'."
"Message",Normal,"          P/Invoke 'sqlite3_prepare_v2' resolved to 'winsqlite3.dll!sqlite3_prepare_v2' from 'C:\Program Files (x86)\Windows Kits\10\lib\10.0.19041.0\um\x86\winsqlite3.lib'."
"Message",Normal,"          P/Invoke 'sqlite3_reset' resolved to 'winsqlite3.dll!sqlite3_reset' from 'C:\Program Files (x86)\Windows Kits\10\lib\10.0.19041.0\um\x86\winsqlite3.lib'."
"Message",Normal,"          P/Invoke 'sqlite3_step' resolved to 'winsqlite3.dll!sqlite3_step' from 'C:\Program Files (x86)\Windows Kits\10\lib\10.0.19041.0\um\x86\winsqlite3.lib'."
"Message",Normal,"          P/Invoke 'sqlite3_stmt_readonly' resolved to 'winsqlite3.dll!sqlite3_stmt_readonly' from 'C:\Program Files (x86)\Windows Kits\10\lib\10.0.19041.0\um\x86\winsqlite3.lib'."
"Message",Normal,"          P/Invoke 'RhWaitForPendingFinalizers' with [DllImport(ExactSpelling=true)] resolved to '[MRT]!RhWaitForPendingFinalizers'."
"Message",Normal,"          P/Invoke 'RhYield' with [DllImport(ExactSpelling=true)] resolved to '[MRT]!RhYield'."
"Message",Normal,"          P/Invoke 'RhCompatibleReentrantWaitAny' with [DllImport(ExactSpelling=true)] resolved to '[MRT]!RhCompatibleReentrantWaitAny'."
"Message",Normal,"          P/Invoke '_ecvt_s' with [DllImport(ExactSpelling=true)] resolved to '[MRT]!_ecvt_s'."
"Message",Normal,"          P/Invoke 'memmove' with [DllImport(ExactSpelling=true)] resolved to '[MRT]!memmove'."
"Message",Normal,"          P/Invoke 'CallingConventionConverter_GetStubs' with [DllImport(ExactSpelling=true)] resolved to '*!CallingConventionConverter_GetStubs'."
"Message",Normal,"          P/Invoke 'GetLastError' resolved to 'api-ms-win-core-errorhandling-l1-1-0.dll!GetLastError' from 'C:\Program Files (x86)\Windows Kits\10\lib\10.0.19041.0\um\x86\WindowsApp.lib'."
"Message",Normal,"          P/Invoke 'RoInitialize' resolved to 'api-ms-win-core-winrt-l1-1-0.dll!RoInitialize' from 'C:\Program Files (x86)\Windows Kits\10\lib\10.0.19041.0\um\x86\WindowsApp.lib'."
"Message",Normal,"          P/Invoke 'IsValidLocaleName' resolved to 'api-ms-win-core-localization-l1-2-0.dll!IsValidLocaleName' from 'C:\Program Files (x86)\Windows Kits\10\lib\10.0.19041.0\um\x86\WindowsApp.lib'."
"Message",Normal,"          P/Invoke 'ResolveLocaleName' resolved to 'api-ms-win-core-localization-l1-2-0.dll!ResolveLocaleName' from 'C:\Program Files (x86)\Windows Kits\10\lib\10.0.19041.0\um\x86\WindowsApp.lib'."
"Message",Normal,"          P/Invoke 'IdnToUnicode' resolved to 'api-ms-win-core-localization-l1-2-0.dll!IdnToUnicode' from 'C:\Program Files (x86)\Windows Kits\10\lib\10.0.19041.0\um\x86\WindowsApp.lib'."
"Message",Normal,"          P/Invoke 'GetCPInfoExW' resolved to 'api-ms-win-core-localization-l1-2-0.dll!GetCPInfoExW' from 'C:\Program Files (x86)\Windows Kits\10\lib\10.0.19041.0\um\x86\WindowsApp.lib'."
"Message",Normal,"          P/Invoke 'RtlIpv6AddressToStringExW' resolved to 'ntdll.dll!RtlIpv6AddressToStringExW' from 'C:\Program Files (x86)\Windows Kits\10\lib\10.0.19041.0\um\x86\WindowsApp.lib'."
"Message",Normal,"          P/Invoke 'RtlIpv4AddressToStringExW' resolved to 'ntdll.dll!RtlIpv4AddressToStringExW' from 'C:\Program Files (x86)\Windows Kits\10\lib\10.0.19041.0\um\x86\WindowsApp.lib'."
"Message",Normal,"          P/Invoke 'IdnToAscii' resolved to 'api-ms-win-core-localization-l1-2-0.dll!IdnToAscii' from 'C:\Program Files (x86)\Windows Kits\10\lib\10.0.19041.0\um\x86\WindowsApp.lib'."
"Message",Normal,"          P/Invoke 'CoCreateInstance' resolved to 'api-ms-win-core-com-l1-1-0.dll!CoCreateInstance' from 'C:\Program Files (x86)\Windows Kits\10\lib\10.0.19041.0\um\x86\WindowsApp.lib'."
"Message",Normal,"          P/Invoke 'CryptFindOIDInfo' resolved to 'crypt32.dll!CryptFindOIDInfo' from 'C:\Program Files (x86)\Windows Kits\10\lib\10.0.19041.0\um\x86\WindowsApp.lib'."
"Message",Normal,"          P/Invoke '#6' resolved to 'oleaut32.dll!#6' from 'C:\Program Files (x86)\Windows Kits\10\lib\10.0.19041.0\um\x86\WindowsApp.lib'."
"Message",Normal,"          P/Invoke 'CreateDirectoryW' resolved to 'api-ms-win-core-file-l1-1-0.dll!CreateDirectoryW' from 'C:\Program Files (x86)\Windows Kits\10\lib\10.0.19041.0\um\x86\WindowsApp.lib'."
"Message",Normal,"          P/Invoke 'DeleteFileW' resolved to 'api-ms-win-core-file-l1-1-0.dll!DeleteFileW' from 'C:\Program Files (x86)\Windows Kits\10\lib\10.0.19041.0\um\x86\WindowsApp.lib'."
"Message",Normal,"          P/Invoke 'CryptFormatObject' resolved to 'crypt32.dll!CryptFormatObject' from 'C:\Program Files (x86)\Windows Kits\10\lib\10.0.19041.0\um\x86\WindowsApp.lib'."
"Message",Normal,"          P/Invoke 'FindFirstFileExW' resolved to 'api-ms-win-core-file-l1-1-0.dll!FindFirstFileExW' from 'C:\Program Files (x86)\Windows Kits\10\lib\10.0.19041.0\um\x86\WindowsApp.lib'."
"Message",Normal,"          P/Invoke 'GetFileAttributesExW' resolved to 'api-ms-win-core-file-l1-1-0.dll!GetFileAttributesExW' from 'C:\Program Files (x86)\Windows Kits\10\lib\10.0.19041.0\um\x86\WindowsApp.lib'."
"Message",Normal,"          P/Invoke 'GetFileType' resolved to 'api-ms-win-core-file-l1-1-0.dll!GetFileType' from 'C:\Program Files (x86)\Windows Kits\10\lib\10.0.19041.0\um\x86\WindowsApp.lib'."
"Message",Normal,"          P/Invoke 'CryptFindOIDInfo' resolved to 'crypt32.dll!CryptFindOIDInfo' from 'C:\Program Files (x86)\Windows Kits\10\lib\10.0.19041.0\um\x86\WindowsApp.lib'."
"Message",Normal,"          P/Invoke 'FindNextFileW' resolved to 'api-ms-win-core-file-l1-1-0.dll!FindNextFileW' from 'C:\Program Files (x86)\Windows Kits\10\lib\10.0.19041.0\um\x86\WindowsApp.lib'."
"Message",Normal,"          P/Invoke 'GetFileInformationByHandleEx' resolved to 'api-ms-win-core-file-l2-1-0.dll!GetFileInformationByHandleEx' from 'C:\Program Files (x86)\Windows Kits\10\lib\10.0.19041.0\um\x86\WindowsApp.lib'."
"Message",Normal,"          P/Invoke 'FormatMessageW' resolved to 'api-ms-win-core-localization-l1-2-0.dll!FormatMessageW' from 'C:\Program Files (x86)\Windows Kits\10\lib\10.0.19041.0\um\x86\WindowsApp.lib'."
"Message",Normal,"          P/Invoke 'CreateThreadpoolIo' resolved to 'api-ms-win-core-threadpool-l1-2-0.dll!CreateThreadpoolIo' from 'C:\Program Files (x86)\Windows Kits\10\lib\10.0.19041.0\um\x86\WindowsApp.lib'."
"Message",Normal,"          P/Invoke 'SetFilePointerEx' resolved to 'api-ms-win-core-file-l1-1-0.dll!SetFilePointerEx' from 'C:\Program Files (x86)\Windows Kits\10\lib\10.0.19041.0\um\x86\WindowsApp.lib'."
"Message",Normal,"          P/Invoke 'CryptDecodeObject' resolved to 'crypt32.dll!CryptDecodeObject' from 'C:\Program Files (x86)\Windows Kits\10\lib\10.0.19041.0\um\x86\WindowsApp.lib'."
"Message",Normal,"          P/Invoke 'RoGetBufferMarshaler' resolved to 'api-ms-win-core-winrt-robuffer-l1-1-0.dll!RoGetBufferMarshaler' from 'C:\Program Files (x86)\Windows Kits\10\lib\10.0.19041.0\um\x86\WindowsApp.lib'."
"Message",Normal,"          P/Invoke 'FindClose' resolved to 'api-ms-win-core-file-l1-1-0.dll!FindClose' from 'C:\Program Files (x86)\Windows Kits\10\lib\10.0.19041.0\um\x86\WindowsApp.lib'."
"Message",Normal,"          P/Invoke 'CertFreeCertificateContext' resolved to 'crypt32.dll!CertFreeCertificateContext' from 'C:\Program Files (x86)\Windows Kits\10\lib\10.0.19041.0\um\x86\WindowsApp.lib'."
"Message",Normal,"          P/Invoke 'SetEndOfFile' resolved to 'api-ms-win-core-file-l1-1-0.dll!SetEndOfFile' from 'C:\Program Files (x86)\Windows Kits\10\lib\10.0.19041.0\um\x86\WindowsApp.lib'."
"Message",Normal,"          P/Invoke 'CreateFile2' resolved to 'api-ms-win-core-file-l1-2-0.dll!CreateFile2' from 'C:\Program Files (x86)\Windows Kits\10\lib\10.0.19041.0\um\x86\WindowsApp.lib'."
"Message",Normal,"          P/Invoke 'NCryptImportKey' resolved to 'ncrypt.dll!NCryptImportKey' from 'C:\Program Files (x86)\Windows Kits\10\lib\10.0.19041.0\um\x86\WindowsApp.lib'."
"Message",Normal,"          P/Invoke 'CloseHandle' resolved to 'api-ms-win-core-handle-l1-1-0.dll!CloseHandle' from 'C:\Program Files (x86)\Windows Kits\10\lib\10.0.19041.0\um\x86\WindowsApp.lib'."
"Message",Normal,"          P/Invoke 'NCryptGetProperty' resolved to 'ncrypt.dll!NCryptGetProperty' from 'C:\Program Files (x86)\Windows Kits\10\lib\10.0.19041.0\um\x86\WindowsApp.lib'."
"Message",Normal,"          P/Invoke 'CloseThreadpoolIo' resolved to 'api-ms-win-core-threadpool-l1-2-0.dll!CloseThreadpoolIo' from 'C:\Program Files (x86)\Windows Kits\10\lib\10.0.19041.0\um\x86\WindowsApp.lib'."
"Message",Normal,"          P/Invoke 'ReadFile' resolved to 'api-ms-win-core-file-l1-1-0.dll!ReadFile' from 'C:\Program Files (x86)\Windows Kits\10\lib\10.0.19041.0\um\x86\WindowsApp.lib'."
"Message",Normal,"          P/Invoke 'ReadFile' resolved to 'api-ms-win-core-file-l1-1-0.dll!ReadFile' from 'C:\Program Files (x86)\Windows Kits\10\lib\10.0.19041.0\um\x86\WindowsApp.lib'."
"Message",Normal,"          P/Invoke 'WriteFile' resolved to 'api-ms-win-core-file-l1-1-0.dll!WriteFile' from 'C:\Program Files (x86)\Windows Kits\10\lib\10.0.19041.0\um\x86\WindowsApp.lib'."
"Message",Normal,"          P/Invoke 'WriteFile' resolved to 'api-ms-win-core-file-l1-1-0.dll!WriteFile' from 'C:\Program Files (x86)\Windows Kits\10\lib\10.0.19041.0\um\x86\WindowsApp.lib'."
"Message",Normal,"          P/Invoke 'FormatMessageW' resolved to 'api-ms-win-core-localization-l1-2-0.dll!FormatMessageW' from 'C:\Program Files (x86)\Windows Kits\10\lib\10.0.19041.0\um\x86\WindowsApp.lib'."
"Message",Normal,"          P/Invoke 'NCryptOpenStorageProvider' resolved to 'ncrypt.dll!NCryptOpenStorageProvider' from 'C:\Program Files (x86)\Windows Kits\10\lib\10.0.19041.0\um\x86\WindowsApp.lib'."
"Message",Normal,"          P/Invoke 'NCryptSetProperty' resolved to 'ncrypt.dll!NCryptSetProperty' from 'C:\Program Files (x86)\Windows Kits\10\lib\10.0.19041.0\um\x86\WindowsApp.lib'."
"Message",Normal,"          P/Invoke 'CancelIoEx' resolved to 'api-ms-win-core-io-l1-1-0.dll!CancelIoEx' from 'C:\Program Files (x86)\Windows Kits\10\lib\10.0.19041.0\um\x86\WindowsApp.lib'."
"Message",Normal,"          P/Invoke 'StartThreadpoolIo' resolved to 'api-ms-win-core-threadpool-l1-2-0.dll!StartThreadpoolIo' from 'C:\Program Files (x86)\Windows Kits\10\lib\10.0.19041.0\um\x86\WindowsApp.lib'."
"Message",Normal,"          P/Invoke 'CancelThreadpoolIo' resolved to 'api-ms-win-core-threadpool-l1-2-0.dll!CancelThreadpoolIo' from 'C:\Program Files (x86)\Windows Kits\10\lib\10.0.19041.0\um\x86\WindowsApp.lib'."
"Message",Normal,"          P/Invoke 'FormatMessageW' resolved to 'api-ms-win-core-localization-l1-2-0.dll!FormatMessageW' from 'C:\Program Files (x86)\Windows Kits\10\lib\10.0.19041.0\um\x86\WindowsApp.lib'."
"Message",Normal,"          P/Invoke 'FlushFileBuffers' resolved to 'api-ms-win-core-file-l1-1-0.dll!FlushFileBuffers' from 'C:\Program Files (x86)\Windows Kits\10\lib\10.0.19041.0\um\x86\WindowsApp.lib'."
"Message",Normal,"          P/Invoke 'NCryptFreeObject' resolved to 'ncrypt.dll!NCryptFreeObject' from 'C:\Program Files (x86)\Windows Kits\10\lib\10.0.19041.0\um\x86\WindowsApp.lib'."
"Message",Normal,"          P/Invoke 'FormatMessageW' resolved to 'api-ms-win-core-localization-l1-2-0.dll!FormatMessageW' from 'C:\Program Files (x86)\Windows Kits\10\lib\10.0.19041.0\um\x86\WindowsApp.lib'."
"Message",High,"  Идет создание кода..."
"Message",High,"  Создан код взаимодействия."
"Message",Normal,"  Код записан в AssemblyInfo.g.cs"
"Message",Normal,"  Код записан в Adapters.g.cs"
"Message",Normal,"  Код записан в Data.g.cs"
"Message",Normal,"  Код записан в Helpers.g.cs"
"Message",Normal,"  Код записан в ImplTypes.g.cs"
"Message",Normal,"  Код записан в PInvoke.g.cs"
"Message",Normal,"  Код записан в SafeTypes.g.cs"
"Message",Normal,"  Код записан в SharedStubs.g.cs"
"Message",Normal,"Running 'GenerateCodeAndCompile' transform, heap at 313 MB."
"Message",High,"Generating serialization code"
"Message",High,"Compiling interop code"
"Message",Normal,"Compiling generated source code: C:\Program Files (x86)\Microsoft SDKs\UWPNuGetPackages\microsoft.net.native.compiler\1.7.6\tools\x86\ilc\csc\csc.exe /noconfig @""E:\Stud\Project\UWP\UWP1\obj\x86\Release\ilc\intermediate\UWP1.McgInterop.rsp"""
"Message",High,"Generating System.Reflection.DispatchProxy proxy code."
"Message",Normal,"Running 'DumpNativeResources' transform, heap at 313 MB."
"Message",Normal,"Running 'ReducedCopyInitialize' transform, heap at 313 MB."
"Message",Normal,"Running 'ReducedCopyEmptyTypes' transform, heap at 340 MB."
"Message",Normal,"Running 'ReducedCopyPopulateTypes' transform, heap at 346 MB."
"Message",Normal,"Running 'ReducedCopyLateMetadata' transform, heap at 378 MB."
"Message",Normal,"Running 'ReducedCopyMethodBodies' transform, heap at 317 MB."
"Message",Normal,"Running 'ReducedCopyComplete' transform, heap at 369 MB."
"Message",Normal,"Running 'ReducedCopyCleanup' transform, heap at 407 MB."
"Message",Normal,"Running 'DeveloperExperienceModeOnlyCodeRemover' transform, heap at 407 MB."
"Message",Normal,"Running 'ComImportDetector' transform, heap at 415 MB."
"Message",Normal,"Running 'McgAccessor' transform, heap at 415 MB."
"Message",Normal,"Running 'McgRedirect' transform, heap at 417 MB."
"Message",Normal,"Running 'McgRedirect' transform, heap at 426 MB."
"Message",Normal,"Running 'McgTypeOf' transform, heap at 427 MB."
"Message",Normal,"Running 'ExceptionMiniaturizer' transform, heap at 435 MB."
"Message",Normal,"Running 'EventSource' transform, heap at 356 MB."
"Message",Normal,"Running 'ValueType' transform, heap at 357 MB."
"Message",Normal,"Running 'Attribute' transform, heap at 357 MB."
"Message",Normal,"Running 'GetType' transform, heap at 357 MB."
"Message",Normal,"Running 'McgFixups' transform, heap at 358 MB."
"Message",Normal,"Running 'ResourceManagerCtor' transform, heap at 359 MB."
"Message",Normal,"Running 'TypeofTypeHandle' transform, heap at 359 MB."
"Message",Normal,"Running 'DispatchProxyIntrinsics' transform, heap at 363 MB."
"Message",Normal,"Running 'StaticInitData' transform, heap at 364 MB."
"Message",Normal,"Running 'StartupCodeInjector' transform, heap at 374 MB."
"Message",Normal,"Running 'InjectAppContextSwitches' transform, heap at 375 MB."
"Message",Normal,"Running 'ImplementLibraryDynamicInvokeHelpers' transform, heap at 375 MB."
"Message",Normal,"Running 'Delegate' transform, heap at 375 MB."
"Message",Normal,"Running 'DelegateCtorCall' transform, heap at 382 MB."
"Message",Normal,"Running 'LazyGenerics' transform, heap at 391 MB."
"Message",Normal,"Running 'AddReflectionBlockedAttributes' transform, heap at 436 MB."
"Message",Normal,"Running 'DisableOptimization' transform, heap at 436 MB."
"Message",Normal,"Running 'CreateMetadata' transform, heap at 436 MB."
"Message",Normal,"Running 'SaveRVAStatics' transform, heap at 461 MB."
"Message",Normal,"Running 'ReflectionInvoke' transform, heap at 463 MB."
"Message",Normal,"Running 'ScrubOpenCalls' transform, heap at 469 MB."
"Message",Normal,"Running 'ConvertCatchIntoFilter' transform, heap at 469 MB."
"Message",Normal,"Running 'ReflectionMappingInfoEmit' transform, heap at 470 MB."
"Message",Normal,"Running 'ConvertManagedWinMD' transform, heap at 479 MB."
"Message",Normal,"Running 'Reducer' transform, heap at 479 MB."
"Message",High,"Cleaning up unreferenced code"
"Message",Normal,"Running 'WriteAssemblies' transform, heap at 284 MB."
"Message",Normal,""
"Message",Normal,"Transform summary"
"Message",Normal,"    ms | heap delta | name"
"Message",Normal," 19933 |        264 | Analysis"
"Message",Normal,"  6495 |       -195 | Reducer"
"Message",Normal,"  5119 |          0 | GenerateCodeAndCompile"
"Message",Normal,"  2637 |        -81 | WriteAssemblies"
"Message",Normal,"  1593 |         25 | CreateMetadata"
"Message",Normal,"  1186 |         24 | Mcg"
"Message",Normal,"   608 |         52 | ReducedCopyMethodBodies"
"Message",Normal,"   557 |         38 | ReducedCopyComplete"
"Message",Normal,"   437 |         32 | ReducedCopyPopulateTypes"
"Message",Normal,"   335 |         45 | LazyGenerics"
"Message",Normal,"   301 |        -79 | ExceptionMiniaturizer"
"Message",Normal,"   300 |        -61 | ReducedCopyLateMetadata"
"Message",Normal,"   267 |          9 | McgRedirect"
"Message",Normal,"   256 |         27 | ReducedCopyInitialize"
"Message",Normal,"   182 |          8 | McgTypeOf"
"Message",Normal,"   139 |         10 | StaticInitData"
"Message",Normal,"   111 |          1 | McgRedirect"
"Message",Normal,"   108 |          9 | DelegateCtorCall"
"Message",Normal,"    60 |          4 | TypeofTypeHandle"
"Message",Normal,"    35 |          7 | Delegate"
"Message",Normal,"    33 |          6 | ReducedCopyEmptyTypes"
"Message",Normal,"    29 |          6 | ReflectionInvoke"
"Message",Normal,"    29 |          2 | SaveRVAStatics"
"Message",Normal,"    24 |          1 | DispatchProxyIntrinsics"
"Message",Normal,"    22 |          2 | McgAccessor"
"Message",Normal,"    19 |          9 | ReflectionMappingInfoEmit"
"Message",Normal,"    17 |          1 | GetType"
"Message",Normal,"    15 |          8 | DeveloperExperienceModeOnlyCodeRemover"
"Message",Normal,"    14 |          0 | ScrubOpenCalls"
"Message",Normal,"     8 |          1 | McgFixups"
"Message",Normal,"     8 |          0 | ReducedCopyCleanup"
"Message",Normal,"     6 |          1 | ConvertCatchIntoFilter"
"Message",Normal,"     4 |          1 | StartupCodeInjector"
"Message",Normal,"     4 |          0 | Attribute"
"Message",Normal,"     3 |          1 | EventSource"
"Message",Normal,"     2 |          0 | DumpNativeResources"
"Message",Normal,"     2 |          0 | ValueType"
"Message",Normal,"     1 |          0 | ResourceManagerCtor"
"Message",Normal,"     0 |          0 | ConvertManagedWinMD"
"Message",Normal,"     0 |          0 | InjectAppContextSwitches"
"Message",Normal,"     0 |          0 | DisableOptimization"
"Message",Normal,"     0 |          0 | ComImportDetector"
"Message",Normal,"     0 |          0 | AddReflectionBlockedAttributes"
"Message",Normal,"     0 |          0 | ImplementLibraryDynamicInvokeHelpers"
"Message",Low,"Выполнение задачи ""RunILTransforms"" завершено."
"Message",Low,"Сборка целевого объекта ""RunILTransforms"" в файле ""ILTransforms"" завершена."
"Message",Low,"Сборка проекта ""ILTransforms"" завершена."
"Message",Low,""
"Message",Low,""
"Message",Low,"Сборка целевого объекта ""GenerateMDIL"" в файле ""Nutc"" завершена."
"Message",Low,""
"Message",High,"Создание машинного кода"
"Message",Low,"Сборка целевого объекта ""MDILPrepareMultiFile"" в файле ""Nutc"" завершена."
"Message",Low,""
"Message",Low,"Сборка целевого объекта ""SetBinaryForReferences"" в файле ""Nutc"" завершена."
"Message",Low,""
"Message",Low,"Задача ""GenerateMDILGlobalAnalysis"""
"Message",Normal,"Launching 'C:\Program Files (x86)\Microsoft SDKs\UWPNuGetPackages\microsoft.net.native.compiler\1.7.6\tools\x86\ilc\Tools\nutc_driver.exe @""E:\Stud\Project\UWP\UWP1\obj\x86\Release\ilc\intermediate\MDIL\UWP1.rsp""'"
"Message",Low,"Microsoft (R) MDIL Compiler - Version 1.7.27420.00"
"Message",Low,"Copyright (c) Microsoft Corporation.  All rights reserved."
"Message",Low,"Сканирование входных типов"
"Message",Low,"Сканирование методов: 24104."
"Message",Low,"Сканирование методов: 5389."
"Message",Low,"Сканирование методов: 2699."
"Message",Low,"Сканирование методов: 1300."
"Message",Low,"Сканирование методов: 2479."
"Message",Low,"Сканирование методов: 1468."
"Message",Low,"Сканирование методов: 660."
"Message",Low,"Сканирование методов: 638."
"Message",Low,"Сканирование методов: 668."
"Message",Low,"Сканирование методов: 838."
"Message",Low,"Сканирование методов: 738."
"Message",Low,"Сканирование методов: 557."
"Message",Low,"Сканирование методов: 290."
"Message",Low,"Сканирование методов: 287."
"Message",Low,"Сканирование методов: 75."
"Message",Low,"Сканирование методов: 47."
"Message",Low,"Сканирование методов: 13."
"Message",Low,"Сканирование методов: 29."
"Message",Low,"Сканирование методов: 21."
"Message",Low,"Сканирование методов: 15."
"Message",Low,"Сканирование методов: 6."
"Message",Low,"Сканирование методов: 1."
"Message",Low,"Сканирование методов: 1."
"Message",Low,"Неотложное создание кода"
"Message",Low,"Компиляция методов: 42323."
"Message",Low,"Отложенное создание кода"
"Message",Low,"Компиляция методов: 4."
"Message",Low,"Компиляция методов: 29."
"Message",Low,"Успешно создан: ""E:\Stud\Project\UWP\UWP1\obj\x86\Release\ilc\intermediate\MDIL\UWP1.mdilexe"""
"Message",Low,"Успешно создан: ""E:\Stud\Project\UWP\UWP1\obj\x86\Release\ilc\intermediate\MDIL\UWP1.mdilpdb"""
"Message",Normal,"'C:\Program Files (x86)\Microsoft SDKs\UWPNuGetPackages\microsoft.net.native.compiler\1.7.6\tools\x86\ilc\Tools\nutc_driver.exe @""E:\Stud\Project\UWP\UWP1\obj\x86\Release\ilc\intermediate\MDIL\UWP1.rsp""' completed."
"Message",Normal,"Process execution statistics (all times in milliseconds)"
"Message",Normal,"-----------------------------------------------------------------------------"
"Message",Normal,"launch  |  start   |   stop   |   end    | duration | lifetime | [slot] name"
"Message",Normal,"-----------------------------------------------------------------------------"
"Message",Normal,"       0 |       31 |    47640 |    47640 |    47609 |    47640 | [0] Nutc GlobalAnalysis"
"Message",Normal,"Number of commands:      1"
"Message",Normal,"Total system time:       47640 ms"
"Message",Normal,"System time per command: 47640 ms"
"Message",Normal,"Total duration:          47609 ms"
"Message",Normal,"Total lifetime:          47640 ms"
"Message",Normal,"Requested DOP:           4"
"Message",Normal,"Duration DOP:            1,0"
"Message",Normal,"Lifetime DOP:            1,0"
"Message",Low,"Выполнение задачи ""GenerateMDILGlobalAnalysis"" завершено."
"Message",Low,"Сборка целевого объекта ""GenerateMDILGlobalAnalysis"" в файле ""Nutc"" завершена."
"Message",Low,""
"Message",Low,"Задача ""rc"""
"Message",Normal,"Launching 'C:\Program Files (x86)\Windows Kits\10\bin\10.0.19041.0\x64\rc.exe /c ""65001"" /r /fo ""E:\Stud\Project\UWP\UWP1\obj\x86\Release\ilc\intermediate\BuildInfo\BuildInfo.res"" ""E:\Stud\Project\UWP\UWP1\obj\x86\Release\ilc\intermediate\BuildInfo\BuildInfo.rc""'"
"Message",Low,"Microsoft (R) Windows (R) Resource Compiler Version 10.0.10011.16384"
"Message",Low,"Copyright (C) Microsoft Corporation.  All rights reserved."
"Message",Normal,"'C:\Program Files (x86)\Windows Kits\10\bin\10.0.19041.0\x64\rc.exe /c ""65001"" /r /fo ""E:\Stud\Project\UWP\UWP1\obj\x86\Release\ilc\intermediate\BuildInfo\BuildInfo.res"" ""E:\Stud\Project\UWP\UWP1\obj\x86\Release\ilc\intermediate\BuildInfo\BuildInfo.rc""' completed."
"Message",Normal,"Process execution statistics (all times in milliseconds)"
"Message",Normal,"-----------------------------------------------------------------------------"
"Message",Normal,"launch  |  start   |   stop   |   end    | duration | lifetime | [slot] name"
"Message",Normal,"-----------------------------------------------------------------------------"
"Message",Normal,"       0 |       32 |      110 |      110 |       78 |      110 | [0] rc"
"Message",Normal,"Number of commands:      1"
"Message",Normal,"Total system time:       110 ms"
"Message",Normal,"System time per command: 110 ms"
"Message",Normal,"Total duration:          78 ms"
"Message",Normal,"Total lifetime:          110 ms"
"Message",Normal,"Requested DOP:           4"
"Message",Normal,"Duration DOP:            0,7"
"Message",Normal,"Lifetime DOP:            1,0"
"Message",Low,"Выполнение задачи ""rc"" завершено."
"Message",Low,"Задача ""ResourceBinaryConcatenate"""
"Message",Normal,"Concatenating into 'E:\Stud\Project\UWP\UWP1\obj\x86\Release\ilc\intermediate\Native.res' with alignment '4'."
"Message",Normal," Added 'E:\Stud\Project\UWP\UWP1\obj\x86\Release\ilc\intermediate\ILTransformed\UWP1.res' at offset 0."
"Message",Normal," Added 'E:\Stud\Project\UWP\UWP1\obj\x86\Release\ilc\intermediate\BuildInfo\BuildInfo.res' at offset 1352."
"Message",Low,"Выполнение задачи ""ResourceBinaryConcatenate"" завершено."
"Message",Low,"Сборка целевого объекта ""GenerateBuildInfo"" в файле ""Nutc"" завершена."
"Message",Low,"Сборка проекта ""Nutc"" завершена."
"Message",Low,""
"Message",Low,""
"Message",Low,"Сборка целевого объекта ""MDILBindPrepare"" в файле ""Binder"" завершена."
"Message",Low,""
"Message",High,"Создание исправлений для машинного кода"
"Message",Low,"Задача ""MDILBind"""
"Message",Normal,"Launching 'C:\Program Files (x86)\Microsoft SDKs\UWPNuGetPackages\microsoft.net.native.compiler\1.7.6\tools\x86\ilc\Tools\rhbind.exe @""E:\Stud\Project\UWP\UWP1\obj\x86\Release\ilc\intermediate\rhbindargs.UWP1.rsp""'"
"Message",Low,"ВЕРСИЯ ОС: основная: 6;  дополнительная: 2"
"Message",Low,"MDIL: E:\Stud\Project\UWP\UWP1\obj\x86\Release\ilc\intermediate\MDIL\UWP1.mdilexe"
"Message",Low,"MDILPDB: E:\Stud\Project\UWP\UWP1\obj\x86\Release\ilc\intermediate\MDIL\UWP1.mdilpdb"
"Message",Low,"IL: E:\Stud\Project\UWP\UWP1\obj\x86\Release\ilc\intermediate\MDIL\UWP1.ilexe"
"Message",Low,"NI: E:\Stud\Project\UWP\UWP1\obj\x86\Release\ilc\intermediate\Native\UWP1.dll"
"Message",Low,"SHIM: E:\Stud\Project\UWP\UWP1\obj\x86\Release\ilc\intermediate\Native\UWP1.exe"
"Message",Low,"REDHAWK_RUNTIME_DLL_NAME_A=mrt100_app.dll"
"Message",Low,"pdb: E:\Stud\Project\UWP\UWP1\obj\x86\Release\ilc\intermediate\Native\UWP1.pdb"
"Message",Low,"Создано: E:\Stud\Project\UWP\UWP1\obj\x86\Release\ilc\intermediate\Native\UWP1.dll за 4.594 с"
"Message",Normal,"'C:\Program Files (x86)\Microsoft SDKs\UWPNuGetPackages\microsoft.net.native.compiler\1.7.6\tools\x86\ilc\Tools\rhbind.exe @""E:\Stud\Project\UWP\UWP1\obj\x86\Release\ilc\intermediate\rhbindargs.UWP1.rsp""' completed."
"Message",Normal,"Process execution statistics (all times in milliseconds)"
"Message",Normal,"-----------------------------------------------------------------------------"
"Message",Normal,"launch  |  start   |   stop   |   end    | duration | lifetime | [slot] name"
"Message",Normal,"-----------------------------------------------------------------------------"
"Message",Normal,"       0 |       62 |     4687 |     4687 |     4625 |     4687 | [0] rhbind UWP1"
"Message",Normal,"Number of commands:      1"
"Message",Normal,"Total system time:       4687 ms"
"Message",Normal,"System time per command: 4687 ms"
"Message",Normal,"Total duration:          4625 ms"
"Message",Normal,"Total lifetime:          4687 ms"
"Message",Normal,"Requested DOP:           4"
"Message",Normal,"Duration DOP:            1,0"
"Message",Normal,"Lifetime DOP:            1,0"
"Message",Low,"Выполнение задачи ""MDILBind"" завершено."
"Message",Low,"Сборка целевого объекта ""MDILBind"" в файле ""Binder"" завершена."
"Message",Low,"Сборка проекта ""Binder"" завершена."
"Message",Low,""
"Message",Low,""
"Message",Low,"Сборка целевого объекта ""CopyNativeExecutablesToOutput"" в файле ""Deployment"" завершена."
"Message",Low,""
"Message",Low,"Сборка целевого объекта ""CopyExtractedResourcesToOutput"" в файле ""Deployment"" завершена."
"Message",Low,""
"Message",Low,"Задача ""TransformAppxManifest"""
"Message",Low,"Выполнение задачи ""TransformAppxManifest"" завершено."
"Message",Low,"Сборка целевого объекта ""TransformAppxManifestAndAddCrt"" в файле ""Deployment"" завершена."
"Message",Low,""
"Message",Low,"Сборка целевого объекта ""CopyPackageResourceFileInRetailBuild"" в файле ""Deployment"" завершена."
"Message",Low,"Сборка проекта ""Deployment"" завершена."
"Message",Low,"Компиляция выполнена"
